{
    "negative": {
        "up": 0.45192307692307687,
        "down": 0.6458333333333334
    },
    "neutral": {
        "up": 0.25961538461538464,
        "down": 0.20833333333333334
    },
    "positive": {
        "up": 0.28846153846153844,
        "down": 0.14583333333333334
    }
}