{
    "negative": 0.26587301587301587,
    "neutral": 0.4166666666666667,
    "positive": 0.31746031746031744
}