{
    "negative": {
        "up": 0.17307692307692307,
        "down": 0.3854166666666667
    },
    "neutral": {
        "up": 0.45192307692307687,
        "down": 0.39583333333333337
    },
    "positive": {
        "up": 0.375,
        "down": 0.21875
    }
}