{
    "negative": {
        "up": 0.3269230769230769,
        "down": 0.5833333333333334
    },
    "neutral": {
        "up": 0.24038461538461536,
        "down": 0.2604166666666667
    },
    "positive": {
        "up": 0.4326923076923077,
        "down": 0.15625
    }
}