{
    "negative": 0.5357142857142857,
    "neutral": 0.23015873015873015,
    "positive": 0.23412698412698413
}