{
    "negative": 0.3780821917808219,
    "neutral": 0.2465753424657534,
    "positive": 0.37534246575342467
}