{
    "up": {
        "up": 0.5508310784692695,
        "down": 0.49204355108877723
    },
    "down": {
        "up": 0.45419404715887124,
        "down": 0.5025125628140703
    }
}